sample_id,museum,artifact_id,entity_type,system_status,mention_text,span_judgment,entity_type_judgment,artifact_relation_judgment,resolution_judgment,expected_identity,accepted_target_ids,failure_categories,evidence_note,citation_urls
review-001,brooklyn,brooklyn-3317,ruler,ambiguous,Akhenaten,supported,supported,supported,underresolved,Akhenaten (Amenhotep IV),,incomplete_reconciliation,The museum identifies the shabti as Akhenaten; the two current graph units denote one ruler and should not force an ambiguous result.,https://www.brooklynmuseum.org/objects/3317|https://pharaoh.se/ancient-egypt/pharaoh/amenhotep-iv/
review-002,brooklyn,brooklyn-3866,ruler,ambiguous,Sobekhotep III,supported,supported,supported,underresolved,Sobekhotep III,,incomplete_reconciliation,The title names Sobekhotep III; two unreconciled current source units create artificial ambiguity.,https://www.brooklynmuseum.org/objects/3866|https://pharaoh.se/ancient-egypt/pharaoh/sobekhotep-iii/
review-003,brooklyn,brooklyn-3160,ruler,resolved,Maatkare,supported,unsupported,supported_person_but_wrong_authority_type,false_link,"Queen/God's Wife Maatkare, daughter of Painedjem I (not Hatshepsut)",,homonym|entity_typing,A title cue 'Queen' was treated as ruler evidence and the bare homonym Maatkare was linked to Hatshepsut. Institutional comparanda distinguish Dynasty-21 Maatkare from Hatshepsut's throne name.,https://www.brooklynmuseum.org/objects/3160|https://www.metmuseum.org/art/collection/search/545948|https://www.metmuseum.org/art/collection/search/544450
review-004,brooklyn,brooklyn-3635,ruler,resolved,Osorkon I,supported,supported,supported,supported,Osorkon I,cluster-beckerath-22.02,,Museum title and current source-referenced authority agree on Osorkon I.,https://www.brooklynmuseum.org/objects/3635|https://pharaoh.se/ancient-egypt/pharaoh/osorkon-i/
review-005,brooklyn,brooklyn-3799,ruler,uncertain_identity,(Cleopatra VII,minor_boundary_error,supported,uncertain,correct_abstention,,,boundary_punctuation,The museum title itself marks Cleopatra VII as tentative; abstention is appropriate. The extracted span retains an opening parenthesis.,https://www.brooklynmuseum.org/objects/3799
review-006,brooklyn,brooklyn-19079,ruler,unmatched,Henuttawy,supported,unsupported,supported_person_but_wrong_authority_type,correct_abstention,Queen Henuttawy (royal person; not established here as a ruler),,entity_typing|authority_scope,"The museum title supports the person mention, but a generic Queen cue is insufficient to type every queen as a ruler. No ruler link is accepted.",https://www.brooklynmuseum.org/objects/19079
review-007,brooklyn,brooklyn-3854,ruler,unmatched,Amunhotep III,supported,supported,uncertain,underresolved,"Amunhotep III as one explicit alternative, not a certain artifact identification",,uncertainty_parser|missing_alias,Brooklyn explicitly gives an Amun-Re versus Amunhotep III alternative. The adapter missed both the 'or' hedge and the Amunhotep/Amenhotep spelling relation; it should preserve a candidate without asserting a link.,https://www.brooklynmuseum.org/objects/3854|https://pharaoh.se/ancient-egypt/pharaoh/amenhotep-iii/
review-008,brooklyn,brooklyn-15551,site,ambiguous,Fayum,supported,supported,supported,correct_abstention,,,place_granularity_homonym,The string contains Fayum but does not by itself select the city versus oasis current targets; retaining both candidates is safer than guessing.,https://www.brooklynmuseum.org/objects/15551|https://gazetteer.dainst.org/doc/2042846.html|https://gazetteer.dainst.org/doc/2751193.html
review-009,brooklyn,brooklyn-116772,site,resolved,Saqqara,supported,supported,supported,supported,Saqqara,idai:2042907,,The museum place and iDAI's Saqqara archaeological/populated-place record agree.,https://www.brooklynmuseum.org/objects/116772|https://gazetteer.dainst.org/doc/2042907.html
review-010,brooklyn,brooklyn-3125,site,resolved,Haraga,supported,supported,supported,supported,Harageh (Haraga),idai:2751316,,Haraga is a committed alias on the iDAI Harageh target.,https://www.brooklynmuseum.org/objects/3125|https://gazetteer.dainst.org/doc/2751316.html
review-011,brooklyn,brooklyn-10008,site,unmatched,Egypt,supported,supported,supported,correct_abstention,Egypt,,missing_current_target,"Egypt is valid structured museum evidence. The live iDAI Egypt root exists but is absent from the current committed 1,000-row representation, so it was correctly not imported at evaluation time.",https://www.brooklynmuseum.org/objects/10008|https://gazetteer.dainst.org/place/2042786
review-012,brooklyn,brooklyn-3150,site,unmatched,Samayna,supported,supported,supported,correct_abstention,Samayna,,missing_current_target,Samayna is a genuine museum place value but no current committed site target matched it.,https://www.brooklynmuseum.org/objects/3150|https://www.metmuseum.org/art/collection/search/558188
review-013,brooklyn,brooklyn-3083,tomb_monument,unmatched,Tomb D303,supported,supported,supported,correct_abstention,Local tomb D303 at Abydos,,missing_current_target|tomb_register_scope,"The structured Brooklyn location explicitly names Tomb D303 at Abydos. Current PM targets cover committed Theban/Memphite rows, not this local Abydos tomb code.",https://www.brooklynmuseum.org/objects/3083
review-014,harvard,harvard-291048,ruler,ambiguous,Akhenaten,supported,supported,supported_context,underresolved,Akhenaten (Amenhotep IV),,incomplete_reconciliation,Harvard's label uses Akhenaten as historical context for this Amarna relief. Two current graph units denote one identity and should be reconciled.,https://www.harvardartmuseums.org/collections/object/291048|https://pharaoh.se/ancient-egypt/pharaoh/amenhotep-iv/
review-015,harvard,harvard-354559,ruler,resolved,Amasis,supported,supported,unsupported_reference_only,false_link,Amasis is mentioned only in a footnote about MFA Boston 36.337,,reference_only_false_link,"The span is real, but it describes a different museum object used as a comparison. Linking the Harvard artifact itself to Amasis is unsupported.",https://www.harvardartmuseums.org/collections/object/354559
review-016,harvard,harvard-289668,ruler,resolved,Arsinoe II,supported,supported,supported,supported,Arsinoe II,leprohon-leprohon-33.02a,,The museum title explicitly identifies Queen Arsinoe II and the current Leprohon source node has the same display identity.,https://www.harvardartmuseums.org/collections/object/289668
review-017,harvard,harvard-292642,ruler,uncertain_identity,Pepi II,supported,supported,uncertain,correct_abstention,,,,Harvard qualifies the dating as 'probably reign of Pepi II'; abstention preserves the museum's uncertainty.,https://www.harvardartmuseums.org/collections/object/292642|https://pharaoh.se/ancient-egypt/pharaohs/
review-018,harvard,harvard-291048,ruler,unmatched,King Rameses,unsupported_overlapping_boundary,supported,unsupported_duplicate_mention,not_applicable,Ramesses II is captured by the separate maximal span in review-019,,overlapping_extraction,'King Rameses' is a truncated overlapping extraction from 'King Rameses II'; it must not form a separate artifact mention.,https://www.harvardartmuseums.org/collections/object/291048
review-019,harvard,harvard-291048,ruler,unmatched,Rameses II,supported,supported,supported_context,underresolved,Ramesses II,,missing_alias|incomplete_reconciliation,Harvard's label explicitly says Rameses II. Current authority uses Ramesses II and still has unreconciled source units; the one-m spelling variant is missing.,https://www.harvardartmuseums.org/collections/object/291048|https://pharaoh.se/ancient-egypt/pharaoh/ramesses-ii/
review-020,harvard,harvard-291707,site,ambiguous,Fayum,supported,supported,supported,correct_abstention,,,place_granularity_homonym,Harvard's place hierarchy supports a Fayum location but does not uniquely distinguish the current city and oasis records.,https://www.harvardartmuseums.org/collections/object/291707|https://gazetteer.dainst.org/doc/2042846.html|https://gazetteer.dainst.org/doc/2751193.html
review-021,harvard,harvard-216208,site,resolved,Fustat,supported,supported,supported,supported,Fustat,idai:2379568,,Harvard's creation place and iDAI Fustat target agree.,https://www.harvardartmuseums.org/collections/object/216208|https://gazetteer.dainst.org/doc/2379568.html
review-022,harvard,harvard-292642,site,resolved,Asyut,supported,supported,supported,supported,Asyut,idai:2042814,,Asyut is a committed alias of iDAI Asyūt.,https://www.harvardartmuseums.org/collections/object/292642|https://gazetteer.dainst.org/doc/2042814.html
review-023,harvard,harvard-100038,site,unmatched,Africa,supported,supported_geographic_container,supported,correct_abstention,Africa (broad geographic container),,authority_geographic_scope,"Africa is genuinely present in Harvard's place hierarchy, but the current Egypt-focused site extract does not offer a suitable canonical target. No link is accepted.",https://www.harvardartmuseums.org/collections/object/100038
review-024,harvard,harvard-286247,site,unmatched,Cerveteri (Etruria),supported,supported,supported,correct_abstention,Cerveteri in Etruria,,authority_geographic_scope,"The Harvard place is explicit but outside the current Egypt-focused 1,000-row iDAI representation. This is an authority-scope gap, not absence of museum evidence.",https://www.harvardartmuseums.org/collections/object/286247
review-025,met,met-543876,excavation,authority_unavailable,MMA excavations,supported,supported,supported,not_applicable,Metropolitan Museum of Art excavation activity,,absent_canonical_entity_type,"The explicit excavation string is valid, but no current committed excavation authority target exists.",https://www.metmuseum.org/art/collection/search/543876
review-026,met,met-561516,excavation,authority_unavailable,"Garstang excavations, 1907",supported,supported,supported,not_applicable,"Garstang excavation campaign, 1907",,absent_canonical_entity_type,"The explicit excavation string is valid, but no current committed excavation authority target exists.",https://www.metmuseum.org/art/collection/search/561516
review-027,met,met-329773,ruler,ambiguous,Amenhotep III,supported,supported,supported,underresolved,Amenhotep III,,incomplete_reconciliation,The structured Met reign is unambiguous; duplicate current authority units produce artificial ambiguity.,https://www.metmuseum.org/art/collection/search/329773|https://pharaoh.se/ancient-egypt/pharaoh/amenhotep-iii/
review-028,met,met-543949,ruler,ambiguous,Xerxes I,supported,supported,supported,underresolved,Xerxes I,,incomplete_reconciliation,The structured Met reign is unambiguous; duplicate current authority units produce artificial ambiguity.,https://www.metmuseum.org/art/collection/search/543949|https://pharaoh.se/ancient-egypt/pharaoh/xerxes-i/
review-029,met,met-543872,ruler,multi_or_range,reign of Isesi–Unis,supported,supported_multi_entity,supported_range,correct_abstention,Reign range from Djedkare Isesi through Unis,,,The Met value denotes a range across two rulers. Not collapsing it to one node is correct.,https://www.metmuseum.org/art/collection/search/543872|https://pharaoh.se/ancient-egypt/pharaohs/
review-030,met,met-543885,ruler,resolved,Amenemhat I,supported,supported,supported,supported,Amenemhat I,pharaoh_se-Amenemhat-I,,The explicit Met reign and current source node agree.,https://www.metmuseum.org/art/collection/search/543885|https://pharaoh.se/ancient-egypt/pharaoh/amenemhat-i/
review-031,met,met-545798,ruler,resolved,Chephren,supported,supported,supported,supported,Khafra (Chephren),cluster-beckerath-04.04,,Chephren is a documented alias of Khafra and the Met reign refers to that ruler.,https://www.metmuseum.org/art/collection/search/545798|https://pharaoh.se/ancient-egypt/pharaoh/khafra/
review-032,met,met-544009,ruler,temporal_context,late reign of Mentuhotep II or later,supported,supported,uncertain_temporal_bound,correct_abstention,,,,"'Late reign of Mentuhotep II or later' is an open temporal bound, not a unique ruler assertion. Abstention is correct.",https://www.metmuseum.org/art/collection/search/544009
review-033,met,met-544274,ruler,uncertain_identity,Possibly Senwosret I,supported,supported,uncertain,correct_abstention,,,,The value explicitly says 'Possibly Senwosret I'; abstention is correct.,https://www.metmuseum.org/art/collection/search/544274
review-034,met,met-544554,ruler,unmatched,Ahmose,supported,supported,supported,underresolved,Ahmose I in Dynasty 18,cluster-beckerath-18.01,context_disambiguation|missing_short_alias,The bare reign value needs the record's Dynasty-18 context to select Ahmose I. The current adapter intentionally did not add this contextual inference.,https://www.metmuseum.org/art/collection/search/544554|https://pharaoh.se/ancient-egypt/pharaoh/ahmose-i/
review-035,met,met-558590,ruler,unmatched,"Ramesses II, year 21",supported,supported,supported,underresolved,Ramesses II,,qualifier_parser|incomplete_reconciliation,A deterministic typed parser could separate the year-21 qualifier from Ramesses II. Current authority then still has two unreconciled source units.,https://www.metmuseum.org/art/collection/search/558590|https://pharaoh.se/ancient-egypt/pharaoh/ramesses-ii/
review-036,met,met-543947,ruler,unparsed_structured_value,Joint reign of Hatshepsut and Thutmose III,supported,supported_multi_entity,supported_joint_reign,correct_abstention,Hatshepsut and Thutmose III as two entities,,multi_entity_parser,"The adapter safely declined to collapse a joint reign to one node, but classified the structured value as unparsed rather than emitting two typed mentions.",https://www.metmuseum.org/art/collection/search/543947|https://www.metmuseum.org/art/collection/search/559833
review-037,met,met-545209,site,ambiguous,Fayum,supported,supported,supported,correct_abstention,,,place_granularity_homonym,"The explicit region value is Fayum while the current target set contains a city and an oasis with the same alias. Field hierarchy suggests a future typed disambiguator, but this SILVER review abstains.",https://www.metmuseum.org/art/collection/search/545209|https://gazetteer.dainst.org/doc/2042846.html|https://gazetteer.dainst.org/doc/2751193.html
review-038,met,met-547202,site,ambiguous,Ombos),minor_boundary_error,supported,supported,underresolved,Ombos/Nubt at Naqada,idai:2751407,context_disambiguation|boundary_punctuation,"The full field 'Naqada (Nubt, Ombos)' selects iDAI's Ombos/Nubt record rather than Kom Ombo. The isolated span retained a closing parenthesis and discarded disambiguating context.",https://www.metmuseum.org/art/collection/search/547202|https://gazetteer.dainst.org/doc/2751407.html|https://gazetteer.dainst.org/doc/2101017.html
review-039,met,met-329790,site,resolved,Upper Egypt,supported,supported_broad_region,supported,supported,Upper Egypt,idai:2379505,,Upper Egypt is an exact alias of iDAI Aegyptus Superior. This is valid but broad connectivity evidence.,https://www.metmuseum.org/art/collection/search/329790|https://gazetteer.dainst.org/doc/2379505.html
review-040,met,met-544520,site,resolved,Buhen,supported,supported,supported,supported,Buhen,idai:2751172,,The Met subregion and iDAI Buhen archaeological-site target agree.,https://www.metmuseum.org/art/collection/search/544520|https://gazetteer.dainst.org/doc/2751172.html
review-041,met,met-329767,site,unmatched,Egypt,supported,supported_broad_country,supported,correct_abstention,Egypt,,missing_current_target,"Egypt is explicit in the museum field. The live DAI root was not in the committed evaluation target set, so no runtime target was invented.",https://www.metmuseum.org/art/collection/search/329767|https://gazetteer.dainst.org/place/2042786
review-042,met,met-557208,site,unmatched,Pit 219,supported,supported_local_locus,supported,correct_abstention,Local findspot Pit 219,,missing_target_granularity,"Pit 219 is valid local findspot evidence, but the current site authority representation has no artifact-local locus node at this granularity.",https://www.metmuseum.org/art/collection/search/557208
review-043,met,met-544125,tomb_monument,resolved,TT 280,supported,supported,supported,supported,"Theban Tomb 280, tomb of Meketre",pm_theban:TT280,,The museum page identifies Meketre's tomb as TT 280; whitespace normalization preserves the same PM code.,https://www.metmuseum.org/art/collection/search/544125|https://www.griffith.ox.ac.uk/topbib/pdf/pm1-1.pdf
review-044,met,met-548357,tomb_monument,resolved,QV 55,supported,supported,supported,supported,"Valley of the Queens tomb 55, Amenherkhepeshef",pm_theban:QV55,,The museum page explicitly identifies the Tomb of Amenherkhepeshef as QV 55; whitespace normalization preserves the PM code.,https://www.metmuseum.org/art/collection/search/548357|https://www.griffith.ox.ac.uk/topbib/pdf/pm1-2.pdf
review-045,met,met-546750,tomb_monument,unmatched,Tomb MMA 60,supported,supported,supported,correct_abstention,Local Met excavation tomb MMA 60,,missing_current_target|tomb_register_scope,"The museum's local tomb identifier is valid, but it is not a TT/QV/KV-style row in the current committed PM representation.",https://www.metmuseum.org/art/collection/search/546750
review-046,met,met-547122,tomb_monument,unmatched,Tomb R99S,supported,supported,supported,correct_abstention,Local cemetery tomb R99S,,missing_current_target|tomb_register_scope,"The museum's local tomb identifier is valid, but the current PM representation does not contain this cemetery-local code.",https://www.metmuseum.org/art/collection/search/547122
