sample_id,sampling_slot,museum,entity_type,status,expression_type,signature_artifact_frequency,artifact_id,artifact_title,field_path,mention_text,span_start,span_end,resolution_method,target_ids,source_url
review-001,high_frequency_cell,brooklyn,ruler,ambiguous,single_identity,5,brooklyn-3317,Head from a Shabty of King Akhenaten,title,Akhenaten,27,36,committed_normalized,cluster-beckerath-18.10|leprohon-leprohon-18.10b,https://www.brooklynmuseum.org/objects/3317
review-002,deterministic_long_tail,brooklyn,ruler,ambiguous,single_identity,1,brooklyn-3866,Relief of King Sobekhotep III,title,Sobekhotep III,15,29,raw_exact,leprohon-leprohon-13.26|pharaoh_se-Sobekhotep-III,https://www.brooklynmuseum.org/objects/3866
review-003,high_frequency_cell,brooklyn,ruler,resolved,single_identity,1,brooklyn-3160,Shabty of Queen Maatkare,title,Maatkare,16,24,committed_normalized,cluster-beckerath-18.05,https://www.brooklynmuseum.org/objects/3160
review-004,deterministic_long_tail,brooklyn,ruler,resolved,single_identity,1,brooklyn-3635,King Osorkon I,title,Osorkon I,5,14,raw_exact,cluster-beckerath-22.02,https://www.brooklynmuseum.org/objects/3635
review-005,high_frequency_cell,brooklyn,ruler,uncertain_identity,uncertain_identity,1,brooklyn-3799,Ptolemaic Queen (Cleopatra VII?),title,(Cleopatra VII,16,30,,,https://www.brooklynmuseum.org/objects/3799
review-006,high_frequency_cell,brooklyn,ruler,unmatched,single_identity,4,brooklyn-19079,Shabty of Queen Henuttawy,title,Henuttawy,16,25,,,https://www.brooklynmuseum.org/objects/19079
review-007,deterministic_long_tail,brooklyn,ruler,unmatched,single_identity,1,brooklyn-3854,Amun-Re or King Amunhotep III,title,Amunhotep III,16,29,,,https://www.brooklynmuseum.org/objects/3854
review-008,high_frequency_cell,brooklyn,site,ambiguous,single_identity,32,brooklyn-15551,Toilet Box,geographicalLocations[0].name,Fayum,15,20,raw_exact,idai:2042846|idai:2751193,https://www.brooklynmuseum.org/objects/15551
review-009,high_frequency_cell,brooklyn,site,resolved,single_identity,320,brooklyn-116772,Seated Statue of Nakhtsaes,geographicalLocations[0].name,Saqqara,0,7,raw_exact,idai:2042907,https://www.brooklynmuseum.org/objects/116772
review-010,deterministic_long_tail,brooklyn,site,resolved,single_identity,1,brooklyn-3125,Stela of Lady Horemheb,geographicalLocations[0].name,Haraga,0,6,raw_exact,idai:2751316,https://www.brooklynmuseum.org/objects/3125
review-011,high_frequency_cell,brooklyn,site,unmatched,single_identity,2881,brooklyn-10008,Statuette Base of Ia-Ib,geographicalLocations[0].name,Egypt,8,13,,,https://www.brooklynmuseum.org/objects/10008
review-012,deterministic_long_tail,brooklyn,site,unmatched,single_identity,1,brooklyn-3150,Jar with Was-Scepters and Ankhs,geographicalLocations[0].name,Samayna,0,7,,,https://www.brooklynmuseum.org/objects/3150
review-013,high_frequency_cell,brooklyn,tomb_monument,unmatched,single_identity,22,brooklyn-3083,Statuette of a Female Acrobat,geographicalLocations[0].name,Tomb D303,0,9,,,https://www.brooklynmuseum.org/objects/3083
review-014,high_frequency_cell,harvard,ruler,ambiguous,single_identity,1,harvard-291048,Temple or Palace Relief: Charioteers,labeltext,Akhenaten,80,89,committed_normalized,cluster-beckerath-18.10|leprohon-leprohon-18.10b,https://www.harvardartmuseums.org/collections/object/291048
review-015,high_frequency_cell,harvard,ruler,resolved,single_identity,1,harvard-354559,Double-sided Hathor Emblem from a Sistrum,commentary,Amasis,884,890,raw_exact,cluster-beckerath-26.05,https://www.harvardartmuseums.org/collections/object/354559
review-016,deterministic_long_tail,harvard,ruler,resolved,single_identity,1,harvard-289668,Temple Relief of Queen Arsinoe II,title,Arsinoe II,23,33,raw_exact,leprohon-leprohon-33.02a,https://www.harvardartmuseums.org/collections/object/289668
review-017,high_frequency_cell,harvard,ruler,uncertain_identity,uncertain_identity,1,harvard-292642,Statuette of a Striding Man,dated,Pepi II,18,25,,,https://www.harvardartmuseums.org/collections/object/292642
review-018,high_frequency_cell,harvard,ruler,unmatched,single_identity,1,harvard-291048,Temple or Palace Relief: Charioteers,labeltext,King Rameses,306,318,,,https://www.harvardartmuseums.org/collections/object/291048
review-019,deterministic_long_tail,harvard,ruler,unmatched,single_identity,1,harvard-291048,Temple or Palace Relief: Charioteers,labeltext,Rameses II,311,321,,,https://www.harvardartmuseums.org/collections/object/291048
review-020,high_frequency_cell,harvard,site,ambiguous,single_identity,2,harvard-291707,Portrait of a woman,places[0].displayname,Fayum,35,40,deterministic_component_exact,idai:2042846|idai:2751193,https://www.harvardartmuseums.org/collections/object/291707
review-021,high_frequency_cell,harvard,site,resolved,single_identity,260,harvard-216208,Brown glass sherd,places[0].displayname,Fustat,15,21,raw_exact,idai:2379568,https://www.harvardartmuseums.org/collections/object/216208
review-022,deterministic_long_tail,harvard,site,resolved,single_identity,1,harvard-292642,Statuette of a Striding Man,places[0].displayname,Asyut,35,40,committed_normalized,idai:2042814,https://www.harvardartmuseums.org/collections/object/292642
review-023,high_frequency_cell,harvard,site,unmatched,single_identity,534,harvard-100038,Fragment with Scenes in Roundels,places[0].displayname,Africa,27,33,,,https://www.harvardartmuseums.org/collections/object/100038
review-024,deterministic_long_tail,harvard,site,unmatched,single_identity,1,harvard-286247,Two Fragments of a Bess,places[0].displayname,Cerveteri (Etruria),35,54,,,https://www.harvardartmuseums.org/collections/object/286247
review-025,high_frequency_cell,met,excavation,authority_unavailable,single_identity,2457,met-543876,Head of a statue,excavation,MMA excavations,0,15,,,https://www.metmuseum.org/art/collection/search/543876
review-026,deterministic_long_tail,met,excavation,authority_unavailable,single_identity,1,met-561516,Vase,excavation,"Garstang excavations, 1907",0,26,,,https://www.metmuseum.org/art/collection/search/561516
review-027,high_frequency_cell,met,ruler,ambiguous,single_identity,2750,met-329773,"Head of a Man, Belonging to a Block Statue",reign,Amenhotep III,9,22,raw_exact,leprohon-leprohon-18.09|pharaoh_se-Amenhotep-III,https://www.metmuseum.org/art/collection/search/329773
review-028,deterministic_long_tail,met,ruler,ambiguous,single_identity,1,met-543949,Jar with the name of Xerxes the Great in four languages,reign,Xerxes I,10,18,raw_exact,leprohon-leprohon-27.03|pharaoh_se-Xerxes-I,https://www.metmuseum.org/art/collection/search/543949
review-029,high_frequency_cell,met,ruler,multi_or_range,multi_or_range,151,met-543872,The Statue of the Official Mitry,reign,reign of Isesi–Unis,0,19,,,https://www.metmuseum.org/art/collection/search/543872
review-030,high_frequency_cell,met,ruler,resolved,single_identity,1305,met-543885,Relief fragment with soldiers running with a rope,reign,Amenemhat I,9,20,raw_exact,pharaoh_se-Amenemhat-I,https://www.metmuseum.org/art/collection/search/543885
review-031,deterministic_long_tail,met,ruler,resolved,single_identity,1,met-545798,Jar sealing,reign,Chephren,9,17,raw_exact,cluster-beckerath-04.04,https://www.metmuseum.org/art/collection/search/545798
review-032,high_frequency_cell,met,ruler,temporal_context,temporal_context,9,met-544009,Relief with two officials or sons of the Vizier Dagi,reign,late reign of Mentuhotep II or later,0,36,,,https://www.metmuseum.org/art/collection/search/544009
review-033,high_frequency_cell,met,ruler,uncertain_identity,uncertain_identity,69,met-544274,Archer's wrist guard,reign,Possibly Senwosret I,0,20,,,https://www.metmuseum.org/art/collection/search/544274
review-034,high_frequency_cell,met,ruler,unmatched,single_identity,31,met-544554,Ceiling Decoration,reign,Ahmose,9,15,,,https://www.metmuseum.org/art/collection/search/544554
review-035,deterministic_long_tail,met,ruler,unmatched,single_identity,1,met-558590,Hieratic Ostracon Dated to Year 21 of Ramesses II,reign,"Ramesses II, year 21",9,29,,,https://www.metmuseum.org/art/collection/search/558590
review-036,high_frequency_cell,met,ruler,unparsed_structured_value,unparsed_structured_value,1020,met-543947,Ointment jar from a Foundation Deposit of Hatshepsut's Valley Temple,reign,Joint reign of Hatshepsut and Thutmose III,0,42,,,https://www.metmuseum.org/art/collection/search/543947
review-037,high_frequency_cell,met,site,ambiguous,single_identity,167,met-545209,Ram with lotus-shaped manger,region,Fayum,0,5,raw_exact,idai:2042846|idai:2751193,https://www.metmuseum.org/art/collection/search/545209
review-038,deterministic_long_tail,met,site,ambiguous,single_identity,1,met-547202,Figurine of a Seated Woman,subregion,Ombos),14,20,committed_normalized,idai:2101017|idai:2751407,https://www.metmuseum.org/art/collection/search/547202
review-039,high_frequency_cell,met,site,resolved,single_identity,11417,met-329790,Shabti of Shedsuhori,region,Upper Egypt,0,11,raw_exact,idai:2379505,https://www.metmuseum.org/art/collection/search/329790
review-040,deterministic_long_tail,met,site,resolved,single_identity,1,met-544520,Scarab Commemorating the Construction of an Artificial Lake,subregion,Buhen,0,5,raw_exact,idai:2751172,https://www.metmuseum.org/art/collection/search/544520
review-041,high_frequency_cell,met,site,unmatched,single_identity,26573,met-329767,Bastet holding aegis and basket,country,Egypt,0,5,,,https://www.metmuseum.org/art/collection/search/329767
review-042,deterministic_long_tail,met,site,unmatched,single_identity,1,met-557208,Coffin of the Chantress of Amun Ansenmes,locus,Pit 219,0,7,,,https://www.metmuseum.org/art/collection/search/557208
review-043,high_frequency_cell,met,tomb_monument,resolved,single_identity,997,met-544125,Model of a procession of offering bearers,locale,TT 280,17,23,committed_normalized,pm_theban:TT280,https://www.metmuseum.org/art/collection/search/544125
review-044,deterministic_long_tail,met,tomb_monument,resolved,single_identity,1,met-548357,Ramesses III and Prince Amenherkhepeshef before Hathor,locale,QV 55,26,31,committed_normalized,pm_theban:QV55,https://www.metmuseum.org/art/collection/search/548357
review-045,high_frequency_cell,met,tomb_monument,unmatched,single_identity,505,met-546750,Osiris figure for Gautsoshen,locale,Tomb MMA 60,0,11,,,https://www.metmuseum.org/art/collection/search/546750
review-046,deterministic_long_tail,met,tomb_monument,unmatched,single_identity,1,met-547122,Wavy-handled jar,locus,Tomb R99S,0,9,,,https://www.metmuseum.org/art/collection/search/547122
